PMID,journal_title,Journal_id
33794304,Biotechnology advances,8403708
37170220,BMC medicine,101190723
36596352,Seminars in cancer biology,9010218
26915271,Advances in genetics,370421
34791014,Briefings in bioinformatics,100912837
36584672,Cancer cell,101130617
37992683,Cell reports. Medicine,101766894
33091314,Genome,8704544
36087702,Ageing research reviews,101128963
30657866,"Bioinformatics (Oxford, England)",9808944
32807900,Nature reviews. Genetics,100962779
33248648,Analytica chimica acta,370534
34261540,Genome medicine,101475844
36344863,Behavior genetics,251711
33260881,Biomolecules,101596414
37489460,"Medical sciences (Basel, Switzerland)",101629322
36357703,British journal of cancer,370635
32875713,Proteomics,101092707
37669321,eLife,101579614
33827270,Biological research for nursing,9815758
37875043,Computers in biology and medicine,1250250
34353282,BMC bioinformatics,100965194
30382569,Advances in experimental medicine and biology,121103
34849583,"Bioinformatics (Oxford, England)",9808944
37952681,Neurobiology of disease,9500169
37344825,Respiratory research,101090633
37742034,Journal of translational medicine,101190741
37501187,European journal of medical research,9517857
35854350,Genome biology,100960660
36929074,"Methods in molecular biology (Clifton, N.J.)",9214969
38574738,Cell metabolism,101233170
32048534,Epigenomics,101519720
34111889,Briefings in bioinformatics,100912837
33147797,International journal of molecular sciences,101092791
26969681,Briefings in bioinformatics,100912837
37856991,Phytomedicine : international journal of phytotherapy and phytopharmacology,9438794
31220206,Briefings in bioinformatics,100912837
37216923,"Bioinformatics (Oxford, England)",9808944
36864611,"Bioinformatics (Oxford, England)",9808944
33902514,BMC cancer,100967800
37439331,Nucleic acids research,411011
30685747,Statistical applications in genetics and molecular biology,101176023
36805214,Computers in biology and medicine,1250250
36497046,Cells,101600052
37781033,International journal of biological sciences,101235568
31243065,Molecular & cellular proteomics : MCP,101125647
36252928,Briefings in bioinformatics,100912837
38105215,BMC bioinformatics,100965194
27130220,"Genetics, selection, evolution : GSE",9114088
34177908,Frontiers in immunology,101560960
36383167,"Bioinformatics (Oxford, England)",9808944
29688803,Omics : a journal of integrative biology,101131135
36288358,PloS one,101285081
28981577,Briefings in bioinformatics,100912837
37534875,"American journal of medical genetics. Part B, Neuropsychiatric genetics : the",101235742
31257224,Aging,101508617
31114869,Nucleic acids research,411011
38217405,GigaScience,101596872
33801830,Biomolecules,101596414
33624266,"Journal of microbiology (Seoul, Korea)",9703165
37216410,PLoS genetics,101239074
34340766,Advances in protein chemistry and structural biology,101497281
37307177,IEEE journal of biomedical and health informatics,101604520
33750001,Molecular systems biology,101235389
34028557,"Bioinformatics (Oxford, England)",9808944
35039832,Briefings in bioinformatics,100912837
31953831,"Methods in molecular biology (Clifton, N.J.)",9214969
35163161,International journal of molecular sciences,101092791
35209912,BMC medical genomics,101319628
37375323,"Molecules (Basel, Switzerland)",100964009
34185062,"Bioinformatics (Oxford, England)",9808944
38659038,Human genomics,101202210
38058188,Briefings in bioinformatics,100912837
31289834,GigaScience,101596872
33676373,Briefings in functional genomics,101528229
31849014,"Methods in molecular biology (Clifton, N.J.)",9214969
36944993,Genome biology,100960660
32034435,Archives of toxicology,417615
34072237,International journal of molecular sciences,101092791
33258948,"Bioinformatics (Oxford, England)",9808944
36882008,Briefings in bioinformatics,100912837
38001063,Nature communications,101528555
38003263,International journal of molecular sciences,101092791
32907876,Molecular & cellular proteomics : MCP,101125647
33737557,Scientific reports,101563288
36433785,Briefings in bioinformatics,100912837
36007996,Progress in molecular biology and translational science,101498165
38166610,Gut microbes,101495343
35497496,Cell reports methods,9918227360606676
33351794,PLoS computational biology,101238922
31734462,Biochimica et biophysica acta. General subjects,101731726
33276666,International journal of molecular sciences,101092791
37018234,PloS one,101285081
38278975,British journal of cancer,370635
37610102,Gut microbes,101495343
37694487,Journal of bioinformatics and computational biology,101187344
37378473,"Plant, cell & environment",9309004
36768780,International journal of molecular sciences,101092791
37239321,Genes,101551097
31603503,FEMS yeast research,101085384
37937887,Statistical applications in genetics and molecular biology,101176023
37930028,Briefings in bioinformatics,100912837
34883510,Nucleic acids research,411011
37201441,Computers in biology and medicine,1250250
37329617,Computers in biology and medicine,1250250
38238823,Genome medicine,101475844
29697367,BMC medical genomics,101319628
37393865,Biomedicine & pharmacotherapy = Biomedecine & pharmacotherapie,8213295
34554215,"Bioinformatics (Oxford, England)",9808944
33008459,Human genomics,101202210
31399542,Molecular & cellular proteomics : MCP,101125647
32933515,BMC medical informatics and decision making,101088682
36944885,"Methods in molecular biology (Clifton, N.J.)",9214969
38040703,Scientific data,101640192
34417589,Nature reviews. Nephrology,101500081
37475862,Frontiers in immunology,101560960
36879094,Scientific reports,101563288
36513636,Nature communications,101528555
35157023,"Bioinformatics (Oxford, England)",9808944
37882747,"Bioinformatics (Oxford, England)",9808944
34383739,PLoS computational biology,101238922
38290765,"Bioinformatics (Oxford, England)",9808944
32778869,Briefings in bioinformatics,100912837
37686047,International journal of molecular sciences,101092791
33989895,Computers in biology and medicine,1250250
33584660,Frontiers in immunology,101560960
32756901,Biochemical Society transactions,7506897
35739399,Nature reviews. Clinical oncology,101500077
29429018,Breast cancer research and treatment,8111104
32282793,PLoS computational biology,101238922
37410807,Journal of experimental botany,9882906
37566077,Cells,101600052
34103512,Nature communications,101528555
36416843,"Bioscience, biotechnology, and biochemistry",9205717
35639516,Nucleic acids research,411011
29800320,Nucleic acids research,411011
37817584,"Journal of the Royal Society, Interface",101217269
37651607,Briefings in bioinformatics,100912837
26560100,BMC genomics,100965258
30368064,Current opinion in biotechnology,9100492
38491408,Biology of sex differences,101548963
32236523,GigaScience,101596872
33096244,Journal of biomedical informatics,100970413
38017403,BMC genomics,100965258
37995323,Molecular biology and evolution,8501455
37747674,Science China. Life sciences,101529880
32948838,Journal of human genetics,9808008
34891654,Annual International Conference of the IEEE Engineering in Medicine and Biology,101763872
34398192,"Bioinformatics (Oxford, England)",9808944
32691502,Genetic epidemiology,8411723
32763377,"Methods (San Diego, Calif.)",9426302
38539064,BMC bioinformatics,100965194
31119744,Journal of inherited metabolic disease,7910918
37794615,Toxicology mechanisms and methods,101134521
28193460,Biochimica et biophysica acta. Molecular and cell biology of lipids,101731727
37984232,Archives of medical research,9312706
37757861,Nucleic acids research,411011
38438871,BMC bioinformatics,100965194
36434961,Computer methods and programs in biomedicine,8506513
37382572,"Bioinformatics (Oxford, England)",9808944
33493265,Journal of molecular cell biology,101503669
36252814,"Genomics, proteomics & bioinformatics",101197608
38184630,Nature communications,101528555
31155677,Briefings in bioinformatics,100912837
30698638,Briefings in bioinformatics,100912837
33802234,International journal of molecular sciences,101092791
35622236,Biometrics,370625
33783596,Human genetics,7613873
37648722,Scientific reports,101563288
25629319,Journal of computational biology : a journal of computational molecular cell,9433358
36594155,Analytical chemistry,370536
33104790,Nucleic acids research,411011
31115884,"Methods in molecular biology (Clifton, N.J.)",9214969
37478378,Briefings in bioinformatics,100912837
28040685,Journal of the American Medical Informatics Association : JAMIA,9430800
37590102,IEEE/ACM transactions on computational biology and bioinformatics,101196755
37310261,The Plant journal : for cell and molecular biology,9207397
36739624,Computer methods and programs in biomedicine,8506513
37101150,BMC plant biology,100967807
36527108,Journal of translational medicine,101190741
37189439,Biomolecules,101596414
37295977,Trends in genetics : TIG,8507085
38493343,Briefings in bioinformatics,100912837
26351165,Yi chuan = Hereditas,9436478
37930027,Briefings in bioinformatics,100912837
27008008,"Methods in molecular biology (Clifton, N.J.)",9214969
33349678,Nature microbiology,101674869
31095701,Inflammatory bowel diseases,9508162
33066636,Nutrients,101521595
36600199,BMC bioinformatics,100965194
32138562,International reviews of immunology,8712260
30402498,BioMed research international,101600173
37321324,Toxicology and applied pharmacology,416575
38547401,"Bioinformatics (Oxford, England)",9808944
38007425,Lipids in health and disease,101147696
37710163,BMC plant biology,100967807
37725723,IEEE journal of biomedical and health informatics,101604520
37178426,Journal of cancer research and clinical oncology,7902060
26626453,BMC genomics,100965258
34951053,Journal of clinical laboratory analysis,8801384
31953825,"Methods in molecular biology (Clifton, N.J.)",9214969
32294413,Trends in genetics : TIG,8507085
37696182,Computers in biology and medicine,1250250
36929841,Briefings in bioinformatics,100912837
33031715,Genome,8704544
36637211,"Bioinformatics (Oxford, England)",9808944
37497720,Briefings in bioinformatics,100912837
38632097,Yi chuan = Hereditas,9436478
34954788,"Bioinformatics (Oxford, England)",9808944
35050714,Journal of computational biology : a journal of computational molecular cell,9433358
30631320,Frontiers in immunology,101560960
35016614,BMC bioinformatics,100965194
31029063,GigaScience,101596872
35549894,BMC genomics,100965258
35750315,Journal of genetics and genomics = Yi chuan xue bao,101304616
37542054,Scientific reports,101563288
37267828,Computers in biology and medicine,1250250
36162197,Computers in biology and medicine,1250250
34236875,Journal of proteome research,101128775
38580907,BMC genomics,100965258
37410704,PLoS computational biology,101238922
36933628,"Methods (San Diego, Calif.)",9426302
34572592,Biomolecules,101596414
34320887,Expert review of proteomics,101223548
32299344,BMC bioinformatics,100965194
38397401,Biomolecules,101596414
37673824,Journal of cancer research and clinical oncology,7902060
32447926,Zhonghua liu xing bing xue za zhi = Zhonghua liuxingbingxue zazhi,8208604
36929930,"Bioinformatics (Oxford, England)",9808944
38048082,Briefings in bioinformatics,100912837
32496509,Briefings in bioinformatics,100912837
34383882,"Bioinformatics (Oxford, England)",9808944
36215030,Nucleic acids research,411011
38355833,Nature protocols,101284307
34256961,Seminars in perinatology,7801132
27295212,BMC bioinformatics,100965194
33830879,Annals of medicine,8906388
38670415,"Methods (San Diego, Calif.)",9426302
31823712,BMC bioinformatics,100965194
37095447,BMC genomics,100965258
36130281,Nucleic acids research,411011
36916422,Molecular omics,101713384
37285682,Archives of oral biology,116711
33969404,Integrative biology : quantitative biosciences from nano to macro,101478378
37490833,Computers in biology and medicine,1250250
32759821,Genes,101551097
33638948,Aging,101508617
37323106,WIREs mechanisms of disease,9918227353306676
27649151,International journal of molecular sciences,101092791
36445207,Briefings in bioinformatics,100912837
37740295,"Bioinformatics (Oxford, England)",9808944
34839017,Journal of biomedical informatics,100970413
38534348,Cells,101600052
31861438,International journal of molecular sciences,101092791
37312079,BMC cancer,100967800
38493154,Nature communications,101528555
37491302,Journal of translational medicine,101190741
37559718,Frontiers in immunology,101560960
37269418,Journal of mammary gland biology and neoplasia,9601804
37671028,Cell reports methods,9918227360606676
38215789,Human molecular genetics,9208958
37770437,Nature communications,101528555
37550748,Journal of ovarian research,101474849
35466851,Expert review of proteomics,101223548
27477210,"Methods (San Diego, Calif.)",9426302
35638426,Frontiers in bioscience (Landmark edition),101612996
31126983,Molecular & cellular proteomics : MCP,101125647
37682479,"Methods in molecular biology (Clifton, N.J.)",9214969
28811702,World journal of gastroenterology,100883448
31853838,Journal of neuro-oncology,8309335
34478501,"Bioinformatics (Oxford, England)",9808944
31792509,Briefings in bioinformatics,100912837
38527092,PLoS computational biology,101238922
36919242,Molecular plant,101465514
35445698,"Bioinformatics (Oxford, England)",9808944
35863045,"Bioinformatics (Oxford, England)",9808944
26787660,"Bioinformatics (Oxford, England)",9808944
35804156,Pediatric research,100714
34871738,Neurobiology of disease,9500169
31504184,"Bioinformatics (Oxford, England)",9808944
37207338,Nucleic acids research,411011
37960344,Nutrients,101521595
38022625,Frontiers in immunology,101560960
35104608,Progress in neuro-psychopharmacology & biological psychiatry,8211617
37811889,Nucleic acids research,411011
37943554,Omics : a journal of integrative biology,101131135
31672996,Scientific data,101640192
31296204,BMC medical genomics,101319628
37940229,Journal of the American College of Cardiology,8301365
33239644,Scientific reports,101563288
37159321,IEEE transactions on medical imaging,8310780
38243335,Microbiome,101615147
26821531,BMC bioinformatics,100965194
38484941,Biochimica et biophysica acta. Molecular basis of disease,101731730
37000949,Journal of proteome research,101128775
37543247,"Brain, behavior, and immunity",8800478
37669939,Nature communications,101528555
38244111,Functional & integrative genomics,100939343
37522887,"Bioinformatics (Oxford, England)",9808944
37940369,The journal of gene medicine,9815764
35925427,Journal of cancer research and clinical oncology,7902060
35834966,Computers in biology and medicine,1250250
37922649,Biomedicine & pharmacotherapy = Biomedecine & pharmacotherapie,8213295
37020539,Frontiers in immunology,101560960
38124589,Mathematical biosciences and engineering : MBE,101197794
32033604,BMC medical informatics and decision making,101088682
29649387,Omics : a journal of integrative biology,101131135
37442417,"Genomics, proteomics & bioinformatics",101197608
35513291,Genomics,8800135
27686805,Advances in experimental medicine and biology,121103
37255323,"Bioinformatics (Oxford, England)",9808944
36902152,International journal of molecular sciences,101092791
38642188,Clinical oral investigations,9707115
34705655,IEEE/ACM transactions on computational biology and bioinformatics,101196755
37093328,Molecular genetics and genomics : MGG,101093320
36995007,"The journals of gerontology. Series A, Biological sciences and medical sciences",9502837
38006718,Psychiatry research,7911385
38279573,Advanced biology,101775319
37114942,Briefings in functional genomics,101528229
34556700,Scientific reports,101563288
38735939,Journal of translational medicine,101190741
38760420,Scientific reports,101563288
33170908,PloS one,101285081
36961919,Journal of computational biology : a journal of computational molecular cell,9433358
38571424,Cancer discovery,101561693
37974462,"Cell cycle (Georgetown, Tex.)",101137841
36593576,Liver international : official journal of the International Association for the,101160857
38286161,Pharmacology & therapeutics,7905840
36702755,Briefings in bioinformatics,100912837
37805590,Breast cancer research : BCR,100927353
36761737,Frontiers in immunology,101560960
37951536,Life sciences,375521
37208327,NPJ systems biology and applications,101677786
38473938,International journal of molecular sciences,101092791
37308820,BMC genomics,100965258
36115864,Scientific reports,101563288
34048577,Nucleic acids research,411011
37498764,IEEE journal of biomedical and health informatics,101604520
37382570,"Bioinformatics (Oxford, England)",9808944
33761889,BMC genomics,100965258
28806583,Current opinion in biotechnology,9100492
35748708,"Bioinformatics (Oxford, England)",9808944
34705654,IEEE/ACM transactions on computational biology and bioinformatics,101196755
33226984,PloS one,101285081
34278374,Cell reports methods,9918227360606676
38647071,Journal of medical virology,7705876
38096184,PloS one,101285081
27686802,Advances in experimental medicine and biology,121103
38061153,Computers in biology and medicine,1250250
36847697,Briefings in bioinformatics,100912837
31856718,BMC genomics,100965258
37006253,Frontiers in immunology,101560960
38460192,"Bioinformatics (Oxford, England)",9808944
36875081,Frontiers in immunology,101560960
38146838,Statistics in medicine,8215016
37956338,Nucleic acids research,411011
31774481,Briefings in bioinformatics,100912837
36113334,Talanta,2984816R
34971537,IEEE/ACM transactions on computational biology and bioinformatics,101196755
34289034,"Bioinformatics (Oxford, England)",9808944
28276747,Expert review of proteomics,101223548
30999838,BMC bioinformatics,100965194
37087185,Methods in enzymology,212271
37191795,"Methods in molecular biology (Clifton, N.J.)",9214969
37387152,"Bioinformatics (Oxford, England)",9808944
38383453,Nature communications,101528555
38426322,Briefings in bioinformatics,100912837
36909346,Frontiers in endocrinology,101555782
38254021,BMC genomics,100965258
38678957,Computer methods and programs in biomedicine,8506513
29022303,Sheng wu gong cheng xue bao = Chinese journal of biotechnology,9426463
30458000,PloS one,101285081
37862234,"Bioinformatics (Oxford, England)",9808944
36975610,"Bioinformatics (Oxford, England)",9808944
37443183,Scientific data,101640192
36804215,"Methods (San Diego, Calif.)",9426302
37710353,Human genomics,101202210
37779245,Briefings in bioinformatics,100912837
37507114,Briefings in bioinformatics,100912837
34586379,"Bioinformatics (Oxford, England)",9808944
36305393,Sheng wu gong cheng xue bao = Chinese journal of biotechnology,9426463
36291653,Biomolecules,101596414
35976825,IEEE/ACM transactions on computational biology and bioinformatics,101196755
38489486,International journal of cancer,42124
32485022,Human mutation,9215429
38095040,Analytical chemistry,370536
31774342,Nanotoxicology,101233132
38607982,PLoS computational biology,101238922
31992752,Scientific reports,101563288
28113782,IEEE/ACM transactions on computational biology and bioinformatics,101196755
37796801,"Bioinformatics (Oxford, England)",9808944
36723808,"Methods in molecular biology (Clifton, N.J.)",9214969
25002459,Journal of the American Medical Informatics Association : JAMIA,9430800
38549156,European journal of medical research,9517857
32369552,"Bioinformatics (Oxford, England)",9808944
38095720,Human genetics,7613873
34097004,Briefings in bioinformatics,100912837
31061034,BMJ open,101552874
36624525,Alzheimer's research & therapy,101511643
31924279,Genome medicine,101475844
38530977,"Bioinformatics (Oxford, England)",9808944
38709615,IEEE journal of biomedical and health informatics,101604520
37437773,The Journal of investigative dermatology,426720
36461713,The FEBS journal,101229646
36104777,"Genetics, selection, evolution : GSE",9114088
31729402,Scientific reports,101563288
38233804,BMC genomics,100965258
38374087,NPJ systems biology and applications,101677786
34911434,BMC bioinformatics,100965194
26048077,Journal of biomedical informatics,100970413
37984718,Genomics,8800135
38211478,Food chemistry,7702639
33516699,Life sciences,375521
32969717,Circulation. Genomic and precision medicine,101714113
36869294,BMC genomic data,101775394
37626434,Microbiome,101615147
38126139,Epigenomics,101519720
37165696,The plant genome,101273919
32390946,Frontiers in endocrinology,101555782
38603606,"Bioinformatics (Oxford, England)",9808944
37709088,The Science of the total environment,330500
38483032,"Advanced science (Weinheim, Baden-Wurttemberg, Germany)",101664569
26560066,Molecular & cellular proteomics : MCP,101125647
38493339,Briefings in bioinformatics,100912837
33103271,The Plant journal : for cell and molecular biology,9207397
34127402,Journal of genetics and genomics = Yi chuan xue bao,101304616
38424541,Journal of translational medicine,101190741
36690931,BMC bioinformatics,100965194
26542228,BMC systems biology,101301827
36788531,BMC bioinformatics,100965194
37956172,PLoS biology,101183755
26859773,The ISME journal,101301086
38679745,BMC genomics,100965258
35764918,BMC genomics,100965258
33219054,Genome research,9518021
36464486,Briefings in bioinformatics,100912837
31624841,Nucleic acids research,411011
34374760,Briefings in bioinformatics,100912837
33294943,Metabolomics : Official journal of the Metabolomic Society,101274889
37400172,Advances in applied microbiology,370413
29504910,BMC bioinformatics,100965194
38303441,Mathematical biosciences and engineering : MBE,101197794
37819930,PloS one,101285081
32234433,Genomics,8800135
33266472,International journal of molecular sciences,101092791
37950741,Journal of experimental botany,9882906
36672856,Genes,101551097
30500839,PloS one,101285081
33743584,BMC bioinformatics,100965194
26773059,Nucleic acids research,411011
32988404,Genome biology,100960660
38791108,International journal of molecular sciences,101092791
37386359,BMC bioinformatics,100965194
29518575,Journal of proteomics,101475056
33785872,Scientific reports,101563288
37658061,Scientific reports,101563288
38018908,Briefings in bioinformatics,100912837
38153584,Metabolic brain disease,8610370
37634908,Medical engineering & physics,9422753
38802314,Zhonghua lao dong wei sheng zhi ye bing za zhi = Zhonghua laodong weisheng,8410840
29483591,Scientific reports,101563288
38155575,Plant communications,101769147
37933857,Nucleic acids research,411011
30358822,"Bioinformatics (Oxford, England)",9808944
36583521,Briefings in bioinformatics,100912837
38238321,Scientific reports,101563288
37935586,Database : the journal of biological databases and curation,101517697
36520399,"Methods in molecular biology (Clifton, N.J.)",9214969
30582332,Journal of proteome research,101128775
38426141,PeerJ,101603425
36549921,Briefings in bioinformatics,100912837
29440596,Plant physiology,401224
31167954,Current issues in molecular biology,100931761
36532041,Frontiers in immunology,101560960
33855351,Briefings in bioinformatics,100912837
37964699,The Plant journal : for cell and molecular biology,9207397
30335973,Analytical chemistry,370536
36477976,"Bioinformatics (Oxford, England)",9808944
37942799,Molecular omics,101713384
33066802,Genome biology,100960660
37803628,"Food research international (Ottawa, Ont.)",9210143
36706978,Fungal genetics and biology : FG & B,9607601
37410918,Database : the journal of biological databases and curation,101517697
37904589,Nucleic acids research,411011
37099972,Computers in biology and medicine,1250250
36759759,BMC plant biology,100967807
37861713,Omics : a journal of integrative biology,101131135
33213365,BMC genomics,100965258
26433013,Briefings in bioinformatics,100912837
38055361,IEEE/ACM transactions on computational biology and bioinformatics,101196755
38794929,Journal of the European Academy of Dermatology and Venereology : JEADV,9216037
38288973,Expert review of molecular diagnostics,101120777
26860923,Molecular genetics and genomics : MGG,101093320
25653168,Nucleic acids research,411011
37279580,Molecular biology and evolution,8501455
27507169,BMC genomics,100965258
38001348,Communications biology,101719179
32182341,Nucleic acids research,411011
27522084,"Bioinformatics (Oxford, England)",9808944
28638141,Journal of human genetics,9808008
27986083,Genome biology,100960660
36899366,Journal of translational medicine,101190741
29890950,BMC bioinformatics,100965194
35682963,International journal of molecular sciences,101092791
36124784,"Bioinformatics (Oxford, England)",9808944
37074577,"Methods in molecular biology (Clifton, N.J.)",9214969
36549452,"Environmental pollution (Barking, Essex : 1987)",8804476
25814194,Molecular oncology,101308230
32185457,Molecular genetics and genomics : MGG,101093320
37014908,PLoS computational biology,101238922
38546521,The Chinese journal of dental research,100892845
32525020,Journal of biomedical informatics,100970413
38205966,Briefings in bioinformatics,100912837
38490204,Cell reports methods,9918227360606676
35587479,PloS one,101285081
36867994,Environment international,7807270
38003247,International journal of molecular sciences,101092791
34615866,Nature communications,101528555
28500050,"G3 (Bethesda, Md.)",101566598
29783941,BMC genomics,100965258
36830565,Biomolecules,101596414
34256701,BMC genomics,100965258
34505137,Briefings in bioinformatics,100912837
31873721,"Bioinformatics (Oxford, England)",9808944
35422041,Nature communications,101528555
28679163,Briefings in bioinformatics,100912837
32573269,Epigenomics,101519720
30990192,IEEE/ACM transactions on computational biology and bioinformatics,101196755
36318263,Nucleic acids research,411011
29142286,Scientific reports,101563288
33741983,NPJ systems biology and applications,101677786
36717859,Journal of translational medicine,101190741
34979545,"The journals of gerontology. Series A, Biological sciences and medical sciences",9502837
37861712,Omics : a journal of integrative biology,101131135
26575263,Molecular bioSystems,101251620
37530223,Plant biotechnology journal,101201889
35428171,BMC bioinformatics,100965194
38195555,Translational psychiatry,101562664
31133033,Journal of translational medicine,101190741
33086649,Biomolecules,101596414
38542485,International journal of molecular sciences,101092791
38102575,BMC cancer,100967800
30950198,Plant biotechnology journal,101201889
30883211,Annual review of biomedical engineering,100883581
35639657,"Bioinformatics (Oxford, England)",9808944
34922446,BMC bioinformatics,100965194
34864898,"Bioinformatics (Oxford, England)",9808944
29277867,"Methods in molecular biology (Clifton, N.J.)",9214969
37108298,International journal of molecular sciences,101092791
26022222,BMJ (Clinical research ed.),8900488
35672970,Studies in health technology and informatics,9214582
31020555,"Methods in molecular biology (Clifton, N.J.)",9214969
27329642,BMC bioinformatics,100965194
38791146,International journal of molecular sciences,101092791
37286740,The ISME journal,101301086
37354750,"Comparative biochemistry and physiology. Part D, Genomics & proteomics",101270611
36961504,Biology of reproduction,207224
37120674,Scientific reports,101563288
38243340,Journal of translational medicine,101190741
28590847,Journal of computational biology : a journal of computational molecular cell,9433358
32886787,Molecular biology and evolution,8501455
33377911,GigaScience,101596872
38754408,Briefings in bioinformatics,100912837
36698146,Journal of translational medicine,101190741
36796209,Ecotoxicology and environmental safety,7805381
36797494,Nature biotechnology,9604648
36648426,Human molecular genetics,9208958
35990657,Frontiers in immunology,101560960
27794557,"Bioinformatics (Oxford, England)",9808944
28185573,BMC bioinformatics,100965194
33484244,DNA research : an international journal for rapid publication of reports on genes,9423827
31811943,"Genomics, proteomics & bioinformatics",101197608
38385882,Briefings in bioinformatics,100912837
31039795,Genome medicine,101475844
36991131,Molecular psychiatry,9607835
33879792,Nature communications,101528555
37842064,PeerJ,101603425
26072472,"Bioinformatics (Oxford, England)",9808944
35709924,Genomics,8800135
29415010,PloS one,101285081
35037202,"Methods in molecular biology (Clifton, N.J.)",9214969
38284174,Journal of the European Academy of Dermatology and Venereology : JEADV,9216037
37715500,Statistics in medicine,8215016
32533167,Briefings in bioinformatics,100912837
29474529,"Bioinformatics (Oxford, England)",9808944
34521988,Experimental & molecular medicine,9607880
38454496,Microbiome,101615147
25527095,"Bioinformatics (Oxford, England)",9808944
37682480,"Methods in molecular biology (Clifton, N.J.)",9214969
28968784,Briefings in bioinformatics,100912837
36715269,Briefings in bioinformatics,100912837
37797463,Neurobiology of aging,8100437
33812384,BMC bioinformatics,100965194
37643374,Briefings in bioinformatics,100912837
37894894,International journal of molecular sciences,101092791
38250070,Frontiers in immunology,101560960
26439299,Trends in microbiology,9310916
38236805,PLoS genetics,101239074
29545283,The European respiratory journal,8803460
38626724,GigaScience,101596872
31405076,Genes,101551097
32954413,Briefings in bioinformatics,100912837
36810839,Nature communications,101528555
27794040,Nucleic acids research,411011
36239447,Journal of animal science,8003002
36520398,"Methods in molecular biology (Clifton, N.J.)",9214969
28402545,Nucleic acids research,411011
37059858,Communications biology,101719179
38529759,Genetics,374636
35871896,Advances in protein chemistry and structural biology,101497281
35609982,Nucleic acids research,411011
36496393,BMC genomics,100965258
26519403,"Methods in molecular biology (Clifton, N.J.)",9214969
30921354,PloS one,101285081
34429148,Genome biology,100960660
31220804,Plant physiology and biochemistry : PPB,9882449
30419069,PloS one,101285081
25823020,Oncogene,8711562
38612651,International journal of molecular sciences,101092791
32221617,"Bioinformatics (Oxford, England)",9808944
36123315,Environmental microbiology,100883692
32912170,BMC genomics,100965258
33309006,Public health,376507
32492257,Molecular ecology resources,101465604
32818441,Trends in biotechnology,8310903
28119307,"Bioinformatics (Oxford, England)",9808944
38012268,Nature reviews. Genetics,100962779
30509173,BMC bioinformatics,100965194
38097035,Journal of dentistry,354422
25616131,FEBS letters,155157
28472413,Nucleic acids research,411011
36551266,Biomolecules,101596414
34571248,Mitochondrion,100968751
29272335,Briefings in bioinformatics,100912837
37474525,Nature communications,101528555
36428199,Pediatrics and neonatology,101484755
30704462,BMC medical genomics,101319628
30788786,"Methods in molecular biology (Clifton, N.J.)",9214969
38103512,EBioMedicine,101647039
36300620,Nucleic acids research,411011
35796775,Journal of cancer research and clinical oncology,7902060
34389871,Mammalian genome : official journal of the International Mammalian Genome Society,9100916
25938371,Nature methods,101215604
36907096,Ecotoxicology and environmental safety,7805381
26238262,Mammalian genome : official journal of the International Mammalian Genome Society,9100916
32912315,Genome biology,100960660
38747283,Briefings in bioinformatics,100912837
26697917,Expert review of proteomics,101223548
31647104,Nucleic acids research,411011
38088480,Pest management science,100898744
27865486,Journal of dairy science,2985126R
38558467,Physiologia plantarum,1256322
37647346,Environmental toxicology,100885357
34791021,Briefings in bioinformatics,100912837
26201698,Human heredity,200525
33327941,BMC genomics,100965258
37358720,Functional & integrative genomics,100939343
30703089,PloS one,101285081
34425882,Genome biology,100960660
25721608,"Genomics, proteomics & bioinformatics",101197608
37738982,Cell reports methods,9918227360606676
38813424,Frontiers in public health,101616579
30407573,Nucleic acids research,411011
38641137,Journal of biotechnology,8411927
38308491,Molecular oncology,101308230
38790076,Genome biology,100960660
35042807,Proceedings of the National Academy of Sciences of the United States of America,7505876
36081348,Molecular plant,101465514
27318200,"Bioinformatics (Oxford, England)",9808944
28104618,Genome research,9518021
38070154,"Bioinformatics (Oxford, England)",9808944
36253443,Molecular psychiatry,9607835
30255812,BMC medical genomics,101319628
38394258,PloS one,101285081
33813889,"Philosophical transactions of the Royal Society of London. Series B, Biological",7503623
36765073,NPJ systems biology and applications,101677786
38038259,Nucleic acids research,411011
36094092,Briefings in bioinformatics,100912837
26501925,International journal of cancer,42124
35684936,Cancer medicine,101595310
27118214,BMC genomics,100965258
36914327,"Food research international (Ottawa, Ont.)",9210143
37114999,Nucleic acids research,411011
26093150,"Bioinformatics (Oxford, England)",9808944
38402799,Plant physiology and biochemistry : PPB,9882449
30639314,Molecular plant,101465514
38037058,Journal of translational medicine,101190741
33172115,Viruses,101509722
29474866,Journal of proteomics,101475056
38069227,International journal of molecular sciences,101092791
29889196,Journal of visualized experiments : JoVE,101313252
28539606,Scientific reports,101563288
37960791,Medicine,2985248R
35043143,Briefings in bioinformatics,100912837
30184058,"Bioinformatics (Oxford, England)",9808944
33203357,BMC bioinformatics,100965194
37401400,Cancer medicine,101595310
29605853,"Methods in molecular biology (Clifton, N.J.)",9214969
28951210,Biochimica et biophysica acta. Molecular basis of disease,101731730
37582339,Cancer cell,101130617
26818075,"G3 (Bethesda, Md.)",101566598
35380624,Briefings in bioinformatics,100912837
34019646,Nucleic acids research,411011
28063346,"Comparative biochemistry and physiology. Part D, Genomics & proteomics",101270611
37794356,BMC genomics,100965258
38382084,The Plant cell,9208688
37581006,The journal of gene medicine,9815764
32322099,Nature reviews. Neurology,101500072
34313991,"Methods in molecular biology (Clifton, N.J.)",9214969
26885899,Oncotarget,101532965
36868495,Chemico-biological interactions,227276
31671657,Genes,101551097
30427726,Annual review of animal biosciences,101614024
31672995,Scientific data,101640192
36912104,Nucleic acids research,411011
33372588,BMC genomics,100965258
37003012,"Aquatic toxicology (Amsterdam, Netherlands)",8500246
32014031,Genome biology,100960660
30901858,Genes,101551097
27987164,"Methods in molecular biology (Clifton, N.J.)",9214969
37866305,Talanta,2984816R
29170956,"Methods in molecular biology (Clifton, N.J.)",9214969
25636617,"Methods in molecular biology (Clifton, N.J.)",9214969
32188701,Genome research,9518021
28627406,"Methods (San Diego, Calif.)",9426302
31665454,Nucleic acids research,411011
36892893,"Journal of applied physiology (Bethesda, Md. : 1985)",8502536
37564657,Frontiers in immunology,101560960
26254486,Genome biology and evolution,101509707
26469081,PloS one,101285081
31241141,Molecular biology and evolution,8501455
35809340,Briefings in functional genomics,101528229
31036036,Biology direct,101258412
29927748,Journal of integrative bioinformatics,101503361
36167181,Gene,7706761
28508360,"Methods in molecular biology (Clifton, N.J.)",9214969
31146747,BMC medical genomics,101319628
27930095,Omics : a journal of integrative biology,101131135
38478526,PloS one,101285081
35205378,Genes,101551097
27156225,"European journal of cancer (Oxford, England : 1990)",9005373
37414575,Genome research,9518021
26487673,"Nephrology, dialysis, transplantation : official publication of the European",8706402
29253110,"Bioinformatics (Oxford, England)",9808944
35451783,"Methods in molecular biology (Clifton, N.J.)",9214969
28161100,The Canadian journal of cardiology,8510280
35925813,Glycobiology,9104124
31502145,"Methods in molecular biology (Clifton, N.J.)",9214969
37683759,"Environmental pollution (Barking, Essex : 1987)",8804476
33119753,Nucleic acids research,411011
37944024,Carcinogenesis,8008055
37467890,Journal of proteomics,101475056
30797468,Advances in clinical chemistry,2985173R
34632414,STAR protocols,101769501
27789693,Nucleic acids research,411011
38442004,Microbiology spectrum,101634614
26704973,Nucleic acids research,411011
31549685,Yi chuan = Hereditas,9436478
37604837,Scientific reports,101563288
38009315,Clinical and translational medicine,101597971
37793175,Genome biology and evolution,101509707
37529920,Disease models & mechanisms,101483332
36815540,International journal of cancer,42124
33541262,BMC bioinformatics,100965194
32375781,Microbial cell factories,101139812
30277499,GigaScience,101596872
31953809,"Methods in molecular biology (Clifton, N.J.)",9214969
26872041,The ISME journal,101301086
30321657,Gene,7706761
34949654,Cancer genomics & proteomics,101188791
29573058,Cancer science,101168776
30956044,Molecular cell,9802571
26315760,International review of neurobiology,374740
25901039,Circulation. Cardiovascular genetics,101489144
37795815,Genetic epidemiology,8411723
38102690,Arthritis research & therapy,101154438
38174605,CA: a cancer journal for clinicians,370647
37884999,Genome biology,100960660
33219670,Nucleic acids research,411011
29092936,Cancer research,2984705R
33819578,"Clinical immunology (Orlando, Fla.)",100883537
34236668,"Methods in molecular biology (Clifton, N.J.)",9214969
32554863,Aging,101508617
37298335,International journal of molecular sciences,101092791
36493852,Journal of molecular and cellular cardiology,262322
36536289,BMC bioinformatics,100965194
36753369,Advances in clinical and experimental medicine : official organ Wroclaw Medical,101138582
32579720,Proteomics,101092707
25642706,The Journal of clinical investigation,7802877
28062442,"Bioinformatics (Oxford, England)",9808944
37935583,Database : the journal of biological databases and curation,101517697
36912756,Molecular ecology resources,101465604
28282257,Omics : a journal of integrative biology,101131135
36418292,Nature communications,101528555
32929225,Experimental & molecular medicine,9607880
36964900,Journal of experimental botany,9882906
29158555,Nature ecology & evolution,101698577
26895051,"Methods in molecular biology (Clifton, N.J.)",9214969
36131352,Genome biology,100960660
34036326,Briefings in bioinformatics,100912837
32601549,Proceedings. IEEE International Conference on Bioinformatics and Biomedicine,101525347
31088903,"G3 (Bethesda, Md.)",101566598
28158838,Nucleic acids research,411011
29566638,Journal of bioinformatics and computational biology,101187344
33861732,PLoS computational biology,101238922
32165309,Gene,7706761
30715311,GigaScience,101596872
37083938,GigaScience,101596872
30908262,IEEE/ACM transactions on computational biology and bioinformatics,101196755
31703610,BMC bioinformatics,100965194
30066640,BMC bioinformatics,100965194
37866667,Cellular signalling,8904683
32096829,Human reproduction update,9507614
26438416,BMC genomics,100965258
31387579,Journal of translational medicine,101190741
32838739,BMC bioinformatics,100965194
38091511,GigaScience,101596872
38067168,Cells,101600052
38744869,Scientific reports,101563288
33635857,PLoS computational biology,101238922
34275655,Gynecologic oncology,365304
26933190,Cold Spring Harbor perspectives in biology,101513680
38422094,PloS one,101285081
38492232,"G3 (Bethesda, Md.)",101566598
38363941,Medicine,2985248R
33677107,"Genomics, proteomics & bioinformatics",101197608
27187206,"Bioinformatics (Oxford, England)",9808944
37068318,Computers in biology and medicine,1250250
35235781,Cell reports,101573691
25888373,BMC bioinformatics,100965194
34599181,Nature communications,101528555
36944673,Scientific reports,101563288
27153610,"Bioinformatics (Oxford, England)",9808944
33859374,Nature ecology & evolution,101698577
32849587,Frontiers in immunology,101560960
35437603,Briefings in bioinformatics,100912837
37928544,Frontiers in immunology,101560960
26589635,Database : the journal of biological databases and curation,101517697
25934264,"Methods (San Diego, Calif.)",9426302
26399714,BMC bioinformatics,100965194
34607103,Biomedicine & pharmacotherapy = Biomedecine & pharmacotherapie,8213295
37268257,Journal of ethnopharmacology,7903310
25589349,Cancer research,2984705R
29761464,"Methods in molecular biology (Clifton, N.J.)",9214969
30462302,Nucleic acids research,411011
34740451,Trends in genetics : TIG,8507085
32711818,Progress in molecular biology and translational science,101498165
37930518,"Methods in molecular biology (Clifton, N.J.)",9214969
31878868,BMC bioinformatics,100965194
26381817,Scientific reports,101563288
38134985,International journal of biological macromolecules,7909578
25361974,Nucleic acids research,411011
29967379,Leukemia,8704895
35082140,Genome research,9518021
35338351,Pediatric research,100714
37240180,International journal of molecular sciences,101092791
33736902,Trends in microbiology,9310916
37248640,The Plant journal : for cell and molecular biology,9207397
28003584,"Biomedical research (Tokyo, Japan)",8100317
26323762,"Philosophical transactions of the Royal Society of London. Series B, Biological",7503623
35514958,Frontiers in immunology,101560960
28487880,Cold Spring Harbor molecular case studies,101660017
31584169,"Methods in molecular biology (Clifton, N.J.)",9214969
27900684,"Methods in molecular biology (Clifton, N.J.)",9214969
35042806,Proceedings of the National Academy of Sciences of the United States of America,7505876
28453675,"Bioinformatics (Oxford, England)",9808944
38019212,Environmental toxicology,100885357
35236372,Molecular neurodegeneration,101266600
38366548,"G3 (Bethesda, Md.)",101566598
29043294,Science advances,101653440
28620196,Scientific reports,101563288
32241273,BMC medical genomics,101319628
37865678,Communications biology,101719179
36779764,International journal of cancer,42124
29277871,"Methods in molecular biology (Clifton, N.J.)",9214969
27008021,"Methods in molecular biology (Clifton, N.J.)",9214969
30704460,BMC medical genomics,101319628
36419034,Microbial cell factories,101139812
32047891,Briefings in bioinformatics,100912837
34620561,Trends in parasitology,100966034
26476449,Nucleic acids research,411011
26328750,BMC bioinformatics,100965194
36574857,Pharmacological research,8907422
28185558,BMC genomics,100965258
34748709,Annual review of animal biosciences,101614024
28415856,Annual review of genomics and human genetics,100911346
31344945,Biomolecules,101596414
38012642,Journal of translational medicine,101190741
29669011,"Bioinformatics (Oxford, England)",9808944
37144464,Nucleic acids research,411011
36513410,Journal of advanced research,101546952
36605197,Frontiers in immunology,101560960
27067409,BMC microbiology,100966981
37894521,"Molecules (Basel, Switzerland)",100964009
36308696,"Methods in molecular biology (Clifton, N.J.)",9214969
37776858,Cell,413066
29241022,Genome,8704544
36205192,Cancer medicine,101595310
26852121,Current genetics,8004904
38172619,Nature microbiology,101674869
26720729,PLoS biology,101183755
33747045,Frontiers in genetics,101560621
33749358,Journal of dental research,354343
34249331,F1000Research,101594320
29136207,Nucleic acids research,411011
38552994,Journal of biomedical informatics,100970413
33823910,Genome biology,100960660
27733507,Nucleic acids research,411011
37700218,European radiology experimental,101721752
35728772,Journal of proteomics,101475056
38564686,Neurology(R) neuroimmunology & neuroinflammation,101636388
38381034,Microbial genomics,101671820
34641955,Microbiome,101615147
32449938,Nucleic acids research,411011
38607411,Human genetics,7613873
36750892,Journal of translational medicine,101190741
29878056,"Bioinformatics (Oxford, England)",9808944
25713212,Molecular biology and evolution,8501455
38653489,Briefings in bioinformatics,100912837
36794912,eLife,101579614
35612742,"Methods in molecular biology (Clifton, N.J.)",9214969
28582591,"BioEssays : news and reviews in molecular, cellular and developmental biology",8510851
37897361,Nucleic acids research,411011
31479390,Molecular plant-microbe interactions : MPMI,9107902
33822172,Molecular biology and evolution,8501455
38589937,Genome biology,100960660
38430394,"Cancer immunology, immunotherapy : CII",8605732
37258607,Scientific reports,101563288
35121907,Nature cancer,101761119
29500431,Nature communications,101528555
34070793,Genes,101551097
30446793,TAG. Theoretical and applied genetics. Theoretische und angewandte Genetik,145600
27997700,Annals of the New York Academy of Sciences,7506858
29272348,"Bioinformatics (Oxford, England)",9808944
30137307,"Bioinformatics (Oxford, England)",9808944
33541613,Clinics in chest medicine,7907612
37138305,Arthritis research & therapy,101154438
32145019,Genome biology and evolution,101509707
34663447,Genome medicine,101475844
26636661,PLoS biology,101183755
35561201,"Bioinformatics (Oxford, England)",9808944
30726205,PLoS computational biology,101238922
32396200,GigaScience,101596872
36349833,Molecular ecology resources,101465604
35368340,PeerJ,101603425
32430990,Proteomics,101092707
36894192,"RNA (New York, N.Y.)",9509184
29271263,Expert review of proteomics,101223548
29036467,"Bioinformatics (Oxford, England)",9808944
27048349,Database : the journal of biological databases and curation,101517697
32253478,TAG. Theoretical and applied genetics. Theoretische und angewandte Genetik,145600
35627308,Genes,101551097
27886242,Scientific reports,101563288
37158276,Nucleic acids research,411011
33946766,International journal of molecular sciences,101092791
25362968,Expert review of molecular diagnostics,101120777
36382399,Nucleic acids research,411011
37766497,"Human reproduction (Oxford, England)",8701199
28286338,Nature reviews. Genetics,100962779
30904300,Journal of dairy science,2985126R
25831060,Omics : a journal of integrative biology,101131135
37499897,Biochimie,1264604
35482530,"Bioinformatics (Oxford, England)",9808944
37443486,Medicine,2985248R
25355515,Nucleic acids research,411011
30321428,Nucleic acids research,411011
28056800,BMC genomics,100965258
31323926,International journal of molecular sciences,101092791
31688940,Database : the journal of biological databases and curation,101517697
38136978,Genes,101551097
35727540,"Methods in molecular biology (Clifton, N.J.)",9214969
32396280,Molecular genetics & genomic medicine,101603758
37586202,Computers in biology and medicine,1250250
34823473,BMC bioinformatics,100965194
38603611,"Bioinformatics (Oxford, England)",9808944
34411700,New biotechnology,101465345
30612540,BMC bioinformatics,100965194
37537691,Genome biology,100960660
34251627,"Methods in molecular biology (Clifton, N.J.)",9214969
29762634,"Bioinformatics (Oxford, England)",9808944
38173717,Frontiers in immunology,101560960
38182861,Cell biochemistry and biophysics,9701934
27669160,Biometrics,370625
26546309,"G3 (Bethesda, Md.)",101566598
29384544,Natural product reports,8502408
36410105,Cancer genetics,101539150
36661181,CPT: pharmacometrics & systems pharmacology,101580011
33806609,Biomolecules,101596414
31782758,"Bioinformatics (Oxford, England)",9808944
29304754,BMC genomics,100965258
34902132,"Methods in molecular biology (Clifton, N.J.)",9214969
25879913,Nature communications,101528555
38157196,Frontiers of medicine,101549428
30409858,Molecular & cellular proteomics : MCP,101125647
33941776,Nature communications,101528555
36577778,Scientific reports,101563288
36513728,Communications biology,101719179
31437583,"Genomics, proteomics & bioinformatics",101197608
37077915,Frontiers in immunology,101560960
34429112,BMC biology,101190720
